<?xml version="1.0" encoding="UTF-8"?>
<project-private xmlns="http://www.netbeans.org/ns/project-private/1">
    <editor-bookmarks xmlns="http://www.netbeans.org/ns/editor-bookmarks/2" lastBookmarkId="0"/>
    <open-files xmlns="http://www.netbeans.org/ns/projectui-open-files/2">
        <group>
            <file>file:/C:/Users/k0729960/Desktop/TimeKeeper-master/src/java2/group3/TimeKeeper/Resources/TimeKeeper.properties</file>
            <file>file:/C:/Users/k0729960/Desktop/TimeKeeper-master/src/java2/group3/TimeKeeper/Resources/TimeKeeper_fr.properties</file>
        </group>
    </open-files>
</project-private>
